id,Name,Surname,Username,Email,password,phoneNumber
1,Rares,Tudor,,rares.tudor@gmail.com,parola1234,0723456789
2,Andrei,Ionescu,ionescu12,ionescu.andrei@gmail.com,pisica<3,0785315171
3,Iuliana,Coman,,coman.iuliana@gmail.com,iuli251@,0724838762
4,Cosmina,Stanescu,,stanescu.cosmina@gmail.com,cosmi.333,0183125331
5,Marian,Tanase,tanase_speedy,marian.tanase@gmail.com,tanaman,0768726363